platform,title,author,genre,rating,purchase_count,total_amount_krw,first_date,last_date
네이버 시리즈,약먹는 천재마법사,글근육,판타지,9.8,843,83300,2021-10-22,2026-01-08
카카오페이지,리라이프 플레이어,시윤,판타지,4.0,473,68700,2020-02-29,2022-12-21
네이버 시리즈,화산귀환,비가,무협,8.6,579,56700,2021-07-29,2023-05-28
네이버 시리즈,종말의 뱀이 되었다,비도,판타지,9.9,424,39700,2024-09-22,2026-05-10
카카오페이지,전생검신,구로수번,무협,2.9,373,37300,2021-02-11,2021-03-26
네이버 시리즈,하라간,쥬논,판타지,9.4,341,34100,2026-05-22,2026-05-29
네이버 시리즈,선협의 뱀이 되었다,판다공자,무협,9.4,342,32600,2025-11-10,2026-05-29
네이버 시리즈,천화일로,목마,무협,9.3,401,31300,2021-09-17,2021-10-03
문피아,절대 검감,한중월야,"무협, 판타지",,292,28500,2019-05-13,2020-04-12
문피아,70억분의 1의 이레귤러,란델,"게임, 현대판타지",,292,28000,2018-07-23,2019-05-21
카카오페이지,무한의 마법사,김치우,판타지,2.9,279,27900,2021-04-21,2021-05-01
문피아,이계에서 힘을 얻다,봉사,현대판타지,,267,26700,2018-06-20,2020-12-19
네이버 시리즈,게임 속 바바리안으로 살아남기,정윤강,판타지,9.3,271,25900,2022-09-26,2026-05-21
카카오페이지,빌어먹을 환생,목마,판타지,3.0,252,25200,2021-02-02,2023-09-07
네이버 시리즈,무림서부,컵라면.,무협,9.6,246,24100,2021-10-16,2022-01-18
카카오페이지,나 혼자 소드 마스터,무영자,판타지,4.0,239,23900,2022-02-05,2022-03-10
카카오페이지,변경백 서자는 황제였다,기준석,판타지,1.7,214,21400,2022-01-05,2022-04-25
문피아,소설 속 엑스트라,지갑송,"퓨전, 현대판타지",,215,21000,2018-05-26,2020-12-11
카카오페이지,템빨,박새날,판타지,9.6,170,18700,2019-10-16,2022-02-05
카카오페이지,약먹는 천재마법사,글근육,판타지,5.0,175,17500,2021-02-04,2022-05-30
네이버 시리즈,"나태 공자, 노력 천재 되다",이등별,판타지,9.4,190,16900,2021-06-17,2022-01-20
문피아,공작가 장남이지만 엑스트라,냉장고1,"판타지, 퓨전",,169,16900,2018-07-22,2019-02-01
네이버 시리즈,규격 외 혈통 천재,소울풍,판타지,9.5,180,16800,2021-07-15,2022-07-01
네이버 시리즈,더 해머,Painkiller,판타지,9.3,213,16600,2021-10-03,2022-01-16
네이버 시리즈,A급 헌터가 살아가는 법,검미성,현판,9.5,193,16500,2024-09-29,2026-01-13
네이버 시리즈,낭객전기,삼경우(三更雨),무협,9.8,159,15900,2025-10-07,2025-10-08
문피아,전지적 독자 시점,싱숑,"현대판타지, 판타지",,157,15700,2018-04-01,2018-12-04
카카오페이지,무당마검,한백림,무협,9.7,156,15600,2021-09-04,2024-02-10
네이버 시리즈,마도전생기,codezero,무협,9.6,175,15400,2021-07-10,2022-04-29
카카오페이지,구천구검,조진행,무협,4.0,120,14600,2020-04-11,2020-06-13
네이버 시리즈,용사의 발라드,도동파,판타지,9.6,152,14600,2025-01-07,2025-01-11
네이버 시리즈,리터너즈,ivuy,판타지,9.5,145,14500,2022-05-07,2022-05-13
네이버 시리즈,룬의 아이들,전민희,판타지,9.9,145,14500,2026-05-30,2026-05-31
문피아,환생표사,신갈나무,무협,,143,14300,2018-12-11,2020-04-03
네이버 시리즈,불꽃의 기사,도동파,판타지,8.7,140,14000,2021-10-28,2021-11-01
네이버 시리즈,양치기 마법사,수박복숭아,판타지,9.8,149,13700,2024-12-18,2025-11-09
카카오페이지,용사의 옆집에 산다는 것,세트앙크,판타지,2.0,134,13400,2022-05-16,2022-05-22
문피아,걸그룹 소설 아닌데요?,행운요정,"게임, 현대판타지",,136,13300,2021-05-25,2021-06-22
문피아,약먹는 천재마법사,글근육,"현대판타지, 판타지",,131,13100,2020-12-13,2021-06-22
카카오페이지,미러월드:운명회귀,팔숨,판타지,9.7,126,12600,2021-09-29,2022-02-05
카카오페이지,나이트 언더 하트,라스네,판타지,1.0,118,11800,2020-11-24,2020-12-02
네이버 시리즈,탈영병이 살아가는 법,오동냐무,판타지,9.8,113,11300,2022-01-15,2022-01-22
문피아,나 혼자 블리츠볼 피쳐,착한소,스포츠,,108,10800,2018-12-10,2019-04-25
문피아,빌어먹을 환생,목마,"퓨전, 판타지",,106,10600,2020-10-01,2021-06-17
문피아,게임 속 전사가 되었다,컵라면.,"판타지, 퓨전",,107,10500,2019-06-28,2020-04-15
문피아,필드의 고인물,이블라인,"스포츠, 현대판타지",,107,10300,2019-05-28,2019-09-28
네이버 시리즈,전직지존,장영훈,무협,9.9,151,10200,2023-09-16,2023-09-20
문피아,초인의 게임,,,,97,9700,2018-10-10,2019-03-19
문피아,뽑기게임에서 살아남는 법,임제열,"현대판타지, 게임",,97,9700,2020-02-07,2020-04-11
네이버 시리즈,중세 판타지 속 망나니 경비조장,곰돌이는,판타지,9.9,102,9600,2022-09-18,2022-09-21
네이버 시리즈,무당마검,한백림,무협,8.9,3,9600,2024-02-08,2024-02-08
카카오페이지,미궁탐험 101,김두릅,판타지,2.0,4,9600,2025-03-14,2025-03-15
네이버 시리즈,도시낭인 리로드,간짜장,무협,9.8,96,9400,2025-12-03,2025-12-13
문피아,나 혼자 한 클로즈베타,basso77,"게임, 현대판타지",,92,9200,2018-10-10,2019-02-24
문피아,천재의 게임방송,하이엔드,"현대판타지, 게임",,91,9000,2019-05-16,2019-08-17
카카오페이지,백작가의 망나니가 되었다,유려한,판타지,2.1,90,9000,2021-01-01,2021-01-04
카카오페이지,천잠비룡포,한백림,무협,3.0,90,9000,2021-08-31,2021-09-02
네이버 시리즈,내 고향엔 무림인이 산다,데이우,무협,9.8,95,8900,2025-12-17,2026-05-09
네이버 시리즈,이세계서 유부남된 썰,베르헤라,판타지,9.7,102,8800,2021-11-14,2021-11-25
문피아,시스템을 초기화하시겠습니까?,구트가트,"판타지, 현대판타지",,83,8300,2018-11-21,2019-03-11
네이버 시리즈,빌어먹을 환생,목마,판타지,9.7,84,8100,2021-07-31,2023-09-10
문피아,강자생존,오렌,"현대판타지, 퓨전",,78,7800,2019-01-15,2019-02-22
네이버 시리즈,방랑기사로 살아가는 법,글쓰는기계,판타지,9.7,78,7600,2026-05-31,2026-06-01
네이버 시리즈,무당파 둔재의 엘프환생,처량한날,판타지,9.0,79,7200,2025-07-09,2025-07-27
문피아,회귀했는데 힘이 그대로다,맥치,"현대판타지, 퓨전",,68,6800,2020-08-25,2020-09-29
문피아,무무 무적,한중월야,"무협, 판타지",,65,6500,2021-06-11,2021-06-12
카카오페이지,게임 속 전사가 되었다,컵라면.,판타지,9.7,60,6000,2020-02-20,2020-09-29
문피아,게임 속 마법사로 살아가는 법,하늘탑,"판타지, 퓨전",,59,5900,2020-10-24,2021-05-21
카카오페이지,죽지 않는 엑스트라,토이카,판타지,9.0,14,5800,2020-01-31,2020-02-21
네이버 시리즈,시리도록 불꽃처럼,유진성,무협,9.9,84,5700,2021-12-11,2021-12-12
카카오페이지,오버로드,마루야마 쿠가네,판타지,2.0,52,5200,2023-03-12,2023-03-13
카카오페이지,사신,글작소,무협,2.0,16,5000,2020-09-12,2020-09-15
문피아,자고나니 세상이 게임으로 바뀌었다!,basso77,"현대판타지, 게임",,50,5000,2018-03-04,2018-03-04
네이버 시리즈,변방의 외노자,후로스트,현판,9.9,50,5000,2023-01-09,2023-01-09
네이버 시리즈,공작가 네 쌍둥이는 모두 먼치킨,쿠크디스,판타지,9.2,53,5000,2021-06-28,2021-06-30
네이버 시리즈,권속 생성으로 인류 제국 건설,겨울에어컨,판타지,9.4,54,4800,2022-07-03,2022-07-05
네이버 시리즈,걸그룹 소설 아닌데요?,행운요정,현판,9.0,48,4800,2022-06-24,2022-06-25
네이버 시리즈,2회차 기사가 살아가는 법,타자씨,판타지,8.9,52,4600,2022-07-15,2022-07-17
네이버 시리즈,아포칼립스에 집을 숨김,로드워리어,현판,9.6,73,4500,2023-08-17,2023-11-10
카카오페이지,레전드리 포인트,김태형,현판,6.0,1,4500,2020-04-13,2020-04-13
문피아,강철을 먹는 플레이어,지점장,"판타지, 현대판타지",,44,4400,2021-06-09,2021-06-10
카카오페이지,자명공자,문운도,무협,1.0,44,4400,2021-08-18,2021-08-20
문피아,우주천마 3077,녹색여우,"무협, SF",,43,4300,2021-05-31,2021-05-31
문피아,레벨업 프로게이머,추어탕맛집,"현대판타지, 퓨전",,42,4200,2019-01-13,2019-01-13
네이버 시리즈,칼에 취한 밤을 걷다,유진성,무협,9.9,47,4100,2021-07-07,2021-12-10
카카오페이지,불꽃의 기사,도동파,판타지,9.9,41,4100,2021-11-01,2021-11-02
카카오페이지,패왕의 별,강호풍,무협,1.0,39,3900,2021-02-14,2021-02-14
네이버 시리즈,심해의 마법사,상한김밥,판타지,9.8,53,3900,2025-09-21,2025-09-24
카카오페이지,던전에서 만남을 추구하면 안 되는 걸까,오모리 후지노,판타지,9.9,2,3800,2020-02-18,2020-02-18
카카오페이지,나 빼고 다 회귀자,토이카,판타지,2.0,37,3700,2022-06-03,2022-06-06
문피아,업어 키운 걸그룹,burn8,현대판타지,,36,3600,2020-10-19,2020-10-21
카카오페이지,로그인 무림,제로빅,무협,2.1,33,3300,2021-05-07,2021-05-10
네이버 시리즈,별을 품은 소드마스터,Q10,판타지,9.8,37,3200,2021-11-21,2023-10-09
네이버 시리즈,현계지문,왕위,무협,7.9,47,3000,2021-06-26,2021-07-19
카카오페이지,내 성장속도가 이상하다,추월,판타지,9.6,29,2900,2021-02-09,2021-02-10
네이버 시리즈,환생좌,ALLA,현판,9.4,40,2800,2021-09-26,2021-09-26
카카오페이지,아포칼립스의 고인물,슬리버,판타지,9.6,27,2700,2021-05-14,2021-05-15
카카오페이지,전왕전기,우각,무협,3.0,25,2500,2021-08-17,2021-08-17
카카오페이지,혼세록 : 남천제,기백,무협,9.7,1,2500,2021-01-27,2021-01-27
문피아,방랑기사로 살아가는 법,글쓰는기계,"판타지, 퓨전",,24,2400,2020-12-18,2020-12-18
카카오페이지,칼든 자들의 도시,장영훈,현판,9.7,23,2300,2022-08-06,2022-08-06
문피아,킬 더 히어로,디다트,"현대판타지, 퓨전",,23,2300,2018-08-24,2018-08-25
카카오페이지,이계의 후예,글쓰는기계,현판,9.7,23,2300,2021-06-14,2021-06-14
네이버 시리즈,괴력 난신,한중월야,무협,9.8,28,2100,2022-01-12,2022-01-13
문피아,퍼펙트 센터,시라이라,"스포츠, 현대판타지",,21,2100,2018-12-17,2018-12-21
문피아,나는 마법사다.,김강현,현대판타지,,21,2100,2021-06-06,2021-06-06
네이버 시리즈,멸망 이후의 세계,싱숑,현판,9.8,24,2000,2022-02-10,2022-02-26
문피아,BJ대마도사,디다트,"게임, 퓨전",,20,2000,2018-11-28,2018-12-05
문피아,로만의 검공,ALLA,판타지,,20,2000,2019-06-16,2019-06-19
카카오페이지,걸그룹 소설 아닌데요?,행운요정,현판,9.5,20,2000,2022-06-24,2022-06-24
문피아,양학하는 기갑 헌터,데프프픗,"현대판타지, 퓨전",,20,2000,2019-11-22,2019-12-19
네이버 시리즈,언페어,GINA,로맨스,8.4,20,2000,2021-07-09,2021-07-09
문피아,절대자의 현대생활,고두열,"현대판타지, 판타지",,20,1900,2020-01-23,2020-02-11
카카오페이지,열일하는 과금 기사,박건,판타지,4.0,19,1900,2021-11-07,2021-11-07
카카오페이지,2레벨로 회귀한 무신,염비,판타지,1.8,19,1900,2021-11-08,2021-11-08
네이버 시리즈,선협에서 하남자로 살아남기,로드케이,무협,9.3,89,1900,2026-04-12,2026-04-26
네이버 시리즈,반강제적 제국주의자,지갑송,판타지,9.9,21,1900,2026-02-02,2026-02-02
문피아,100년 수련한 축구선수,한명현,"스포츠, 현대판타지",,19,1900,2018-11-24,2018-11-25
카카오페이지,질풍광룡,조진행,무협,7.0,18,1800,2020-05-31,2020-06-02
카카오페이지,주인공의 여동생이다,안경원숭이,로판,2.0,18,1800,2019-10-17,2019-10-18
네이버 시리즈,짜장 한 그릇에 제갈세가 데릴사위,에르훗,무협,9.7,21,1700,2022-10-28,2022-10-30
카카오페이지,중간 보스의 소꿉친구가 되었다,시윤,판타지,1.0,17,1700,2021-12-04,2021-12-05
카카오페이지,검술명가 막내아들,황제펭귄,판타지,4.6,16,1600,2021-03-19,2021-03-27
카카오페이지,체육고 영재로 회귀했다,Walther,현판,9.7,16,1600,2021-09-25,2021-09-25
문피아,망겜 스트리머가 너무 강함,ReadOut,"게임, 퓨전",,16,1600,2020-04-03,2020-04-17
네이버 시리즈,무당패왕,윤신현,무협,8.1,43,1600,2021-09-27,2021-10-01
네이버 시리즈,윤회무사,서마,무협,9.4,19,1500,2025-03-01,2025-03-02
카카오페이지,마누라가 회귀했다,판소lee,판타지,9.8,15,1500,2020-05-23,2020-05-24
네이버 시리즈,늦깎이 천재 마법사,05林,현판,9.4,18,1400,2025-11-09,2025-11-09
네이버 시리즈,만렙 잡캐,케이로드,판타지,9.8,14,1400,2021-11-12,2021-11-13
카카오페이지,마도괴협,윤지겸,무협,9.6,14,1400,2022-07-11,2022-07-12
카카오페이지,검은 여우 독심호리,별도,무협,2.0,13,1300,2021-08-26,2021-08-26
문피아,검은머리 미군 대원수,명원(命元),"대체역사, 현대판타지",,13,1300,2020-11-20,2020-11-21
네이버 시리즈,암살 가문의 천재 어쌔신,체나,판타지,8.6,27,1300,2022-05-30,2022-06-01
네이버 시리즈,중세의 방랑 마법사가 되었다,전최가,판타지,9.5,14,1200,2025-10-19,2025-10-20
문피아,알고보니 일대일 천재,정윤강,"현대판타지, 퓨전",,11,1100,2019-07-17,2019-07-25
문피아,안 늙는 헌터가 너무 강함,선우(仙宇),"현대판타지, 판타지",,11,1100,2020-10-29,2020-11-07
문피아,화산파 역대급 천재,묘엽,무협,,15,1000,2021-06-14,2021-06-21
문피아,무당패왕,윤신현,"무협, 판타지",,10,1000,2020-02-25,2020-02-25
문피아,망겜의 성기사,검미성,"현대판타지, 퓨전",,9,900,2018-12-30,2018-12-30
카카오페이지,레벨업하기 싫은 천마님,샤이나크,판타지,5.0,9,900,2021-01-24,2021-04-16
카카오페이지,환생표사,신갈나무,무협,3.0,8,800,2019-10-18,2020-01-05
네이버 시리즈,약혼녀가 소천마였다,맠엘라하,무협,9.8,16,800,2025-12-06,2025-12-08
문피아,악당은 살고 싶다,지갑송,"판타지, 퓨전",,8,800,2020-12-14,2020-12-21
카카오페이지,엑스트라가 너무 강함,김재한,판타지,7.0,8,800,2020-04-14,2020-07-05
카카오페이지,남궁쟁천기,일황,무협,2.0,7,700,2019-09-01,2019-09-18
문피아,즉사기 들고 게임 속으로,갸올,"판타지, 퓨전",,7,700,2021-11-02,2021-11-03
네이버 시리즈,마법사의 수기,편곤,판타지,9.9,10,700,2025-10-26,2025-10-27
문피아,한의사는 연금술을 씁니다,박민우™,"판타지, 현대판타지",,7,700,2021-05-25,2021-05-30
카카오페이지,철혈검가 사냥개의 회귀,레고밟았어,판타지,7.0,6,600,2020-05-04,2020-05-04
네이버 시리즈,절대 회귀,장영훈,무협,9.9,8,600,2023-01-29,2023-01-30
네이버 시리즈,나 혼자 총알 무한,by아말하,판타지,8.6,6,600,2022-04-03,2022-04-03
네이버 시리즈,북경의 신룡,운찬,무협,9.5,6,600,2021-12-23,2021-12-23
네이버 시리즈,미친 빌런이 정신을 되찾음,김현우,현판,9.7,10,600,2022-02-21,2022-02-22
네이버 시리즈,회귀수선전,엄청난,무협,9.7,10,600,2024-01-02,2024-01-02
카카오페이지,하라간,쥬논,판타지,2.0,5,500,2026-05-22,2026-05-22
문피아,튜토리얼이 너무 어렵다,gandara,"퓨전, 현대판타지",,5,500,2018-07-23,2018-07-23
네이버 시리즈,마수 사냥꾼이 살아가는 법,쌍봉낙타3,판타지,9.7,25,500,2025-10-22,2025-10-24
카카오페이지,붉은 늑대,은형로,판타지,9.6,4,400,2019-11-08,2020-01-04
문피아,물불 안 가립니다,브라키오,판타지,,4,400,2020-11-10,2020-11-11
문피아,내 딸이 천마인데 나는 무림맹주,알렉디마,"현대판타지, 무협",,4,400,2019-05-28,2019-05-28
카카오페이지,종말 생존 게임,,,,4,400,2020-08-21,2020-08-21
카카오페이지,이계 검왕 생존기,임경배,판타지,5.0,4,400,2020-02-22,2020-02-23
카카오페이지,얼어붙은 플레이어의 귀환,제리엠,판타지,2.2,4,400,2021-08-15,2021-08-15
네이버 시리즈,홍등가의 소드마스터,망신창이,판타지,8.4,10,400,2022-04-28,2022-05-02
네이버 시리즈,명문고 EX급 조연의 리플레이,기월월,판타지,9.9,22,300,2022-01-22,2022-01-23
네이버 시리즈,필드의 고인물,이블라인,현판,9.9,11,300,2022-04-12,2022-04-12
카카오페이지,당신의 머리 위에,박건,판타지,1.0,3,300,2020-03-10,2020-03-11
카카오페이지,낭선기환담,낭선,무협,2.0,3,300,2021-04-27,2021-04-27
네이버 시리즈,눈물을 마시는 새,이영도,판타지,10.0,3,300,2026-01-17,2026-01-18
카카오페이지,네크로맨서 학교의 소환천재,일제사격,판타지,2.2,2,200,2020-09-30,2020-09-30
네이버 시리즈,신화시대의 괴물사냥꾼,병장개미,판타지,9.8,38,200,2025-09-29,2025-10-04
네이버 시리즈,전지적 독자 시점,싱숑,현판,9.9,11,200,2021-07-13,2021-07-18
문피아,빙의한 악역이 너무 강함,미생A,"퓨전, 판타지",,2,200,2019-08-06,2019-08-06
네이버 시리즈,강철의 용병,병장개미,판타지,9.8,1,100,2022-11-02,2022-11-02
카카오페이지,뽑기로 강해진 10성급 플레이어,삼편잡가,판타지,7.0,1,100,2020-10-14,2020-10-14
카카오페이지,마법명가 막내아들,비츄,판타지,2.0,1,100,2019-10-20,2019-10-20
카카오페이지,게임 속 성기사로 살아가기,라쿤아재,판타지,9.5,1,100,2021-04-18,2021-04-18
문피아,쥐뿔도 없는 회귀,목마,퓨전,,1,100,2018-10-14,2018-10-14
문피아,천마는 조용히 살고싶다,김강현,무협,,1,100,2021-06-11,2021-06-11
문피아,탑신병자 프로게이머 되다.,러데,"게임, 스포츠",,10,100,2019-08-19,2019-09-29
문피아,회귀해서 게임한다,박동수,"게임, 현대판타지",,1,100,2018-11-04,2018-11-04
카카오페이지,회귀자도 못 깬 탑 등반합니다,눈도끼,판타지,2.0,1,100,2022-04-16,2022-04-16
네이버 시리즈,용사 파티의 마법사로 산다는 것,졸린작가,판타지,9.4,3,100,2023-11-04,2023-11-04
네이버 시리즈,칼든 자들의 도시,장영훈,현판,9.9,1,100,2022-08-05,2022-08-05
네이버 시리즈,천재 흑마법사,노란커피,판타지,9.9,5,100,2021-10-22,2021-10-22
네이버 시리즈,게임 속 대현자가 되었다,글밈,판타지,8.0,8,100,2021-12-23,2021-12-23
네이버 시리즈,무한 레벨업 in 무림,곤붕,무협,8.0,7,100,2022-01-08,2022-01-08
네이버 시리즈,은둔형 마법사,후로스트,판타지,9.6,1,100,2023-10-16,2023-10-16
네이버 시리즈,천재 흑마법사의 종말방송,대격크,판타지,9.8,5,100,2024-10-01,2024-10-01
카카오페이지,백룡선생,시니어,무협,1.0,1,100,2022-08-14,2022-08-14
카카오페이지,이탄,쥬논,판타지,2.0,1,100,2020-03-05,2020-03-05
네이버 시리즈,천재 플레이어의 귀환,24시수면중,판타지,8.8,4,0,2024-01-25,2024-01-25
네이버 시리즈,죄수부대 블랙 퍼레이드,류은가람,현판,9.6,12,0,2025-06-30,2025-06-30
네이버 시리즈,서울역 드루이드,진설우,현판,8.6,2,0,2021-07-10,2021-07-10
네이버 시리즈,신의 마력을 가졌다,오늘오후에,판타지,9.3,4,0,2023-12-07,2023-12-07
네이버 시리즈,괴물 천재선수들이 날 너무 좋아함,혜인태,현판,9.4,4,0,2024-02-28,2024-02-28
네이버 시리즈,귀검무영,미리혼,무협,9.1,6,0,2022-07-09,2022-07-09
네이버 시리즈,은퇴한 헌터의 아포칼립스,디다트,현판,9.3,4,0,2024-04-08,2024-04-08
네이버 시리즈,일홀도,설봉,무협,8.6,3,0,2022-02-12,2024-05-23
문피아,로또 1등도 출근합니다,서인하,현대판타지,,5,0,2019-12-09,2019-12-09
문피아,전지적 관중 시점,박경원,"스포츠, 현대판타지",,5,0,2018-12-17,2018-12-17
문피아,이계 내가 가 봤는데 별거 없더라,현철(鉉哲),"퓨전, 판타지",,1,0,2019-09-08,2019-09-08
카카오페이지,환생한 기갑기신 파일럿이 살아가는 법,,,,10,0,2020-08-08,2020-08-12
