platform,title,purchase_count,total_amount_krw,first_date,last_date
네이버 시리즈,약먹는 천재마법사,843,83300,2021-10-22,2026-01-08
카카오페이지,리라이프 플레이어,473,68700,2020-02-29,2022-12-21
네이버 시리즈,화산귀환,579,56700,2021-07-29,2023-05-28
네이버 시리즈,종말의 뱀이 되었다,424,39700,2024-09-22,2026-05-10
카카오페이지,전생검신,373,37300,2021-02-11,2021-03-26
네이버 시리즈,하라간,341,34100,2026-05-22,2026-05-29
네이버 시리즈,선협의 뱀이 되었다,342,32600,2025-11-10,2026-05-29
네이버 시리즈,천화일로,401,31300,2021-09-17,2021-10-03
문피아,절대 검감,292,28500,2019-05-13,2020-04-12
문피아,70억분의 1의 이레귤러,292,28000,2018-07-23,2019-05-21
카카오페이지,무한의 마법사,279,27900,2021-04-21,2021-05-01
문피아,이계에서 힘을 얻다,267,26700,2018-06-20,2020-12-19
네이버 시리즈,게임 속 바바리안으로 살아남기,271,25900,2022-09-26,2026-05-21
카카오페이지,빌어먹을 환생,252,25200,2021-02-02,2023-09-07
네이버 시리즈,무림서부,246,24100,2021-10-16,2022-01-18
카카오페이지,나 혼자 소드 마스터,239,23900,2022-02-05,2022-03-10
카카오페이지,변경백 서자는 황제였다,214,21400,2022-01-05,2022-04-25
문피아,소설 속 엑스트라,215,21000,2018-05-26,2020-12-11
카카오페이지,템빨,170,18700,2019-10-16,2022-02-05
카카오페이지,약먹는 천재마법사,175,17500,2021-02-04,2022-05-30
네이버 시리즈,"나태 공자, 노력 천재 되다",190,16900,2021-06-17,2022-01-20
문피아,공작가 장남이지만 엑스트라,169,16900,2018-07-22,2019-02-01
네이버 시리즈,규격 외 혈통 천재,180,16800,2021-07-15,2022-07-01
네이버 시리즈,더 해머,213,16600,2021-10-03,2022-01-16
네이버 시리즈,A급 헌터가 살아가는 법,193,16500,2024-09-29,2026-01-13
네이버 시리즈,낭객전기,159,15900,2025-10-07,2025-10-08
문피아,전지적 독자 시점,157,15700,2018-04-01,2018-12-04
카카오페이지,무당마검,156,15600,2021-09-04,2024-02-10
네이버 시리즈,마도전생기,175,15400,2021-07-10,2022-04-29
카카오페이지,구천구검,120,14600,2020-04-11,2020-06-13
네이버 시리즈,용사의 발라드,152,14600,2025-01-07,2025-01-11
네이버 시리즈,리터너즈,145,14500,2022-05-07,2022-05-13
네이버 시리즈,룬의 아이들,145,14500,2026-05-30,2026-05-31
문피아,환생표사,143,14300,2018-12-11,2020-04-03
네이버 시리즈,불꽃의 기사,140,14000,2021-10-28,2021-11-01
네이버 시리즈,양치기 마법사,149,13700,2024-12-18,2025-11-09
카카오페이지,용사의 옆집에 산다는 것,134,13400,2022-05-16,2022-05-22
문피아,걸그룹 소설 아닌데요?,136,13300,2021-05-25,2021-06-22
문피아,약먹는 천재마법사,131,13100,2020-12-13,2021-06-22
카카오페이지,미러월드:운명회귀,126,12600,2021-09-29,2022-02-05
카카오페이지,나이트 언더 하트,118,11800,2020-11-24,2020-12-02
네이버 시리즈,탈영병이 살아가는 법,113,11300,2022-01-15,2022-01-22
문피아,나 혼자 블리츠볼 피쳐,108,10800,2018-12-10,2019-04-25
문피아,빌어먹을 환생,106,10600,2020-10-01,2021-06-17
문피아,게임 속 전사가 되었다,107,10500,2019-06-28,2020-04-15
문피아,필드의 고인물,107,10300,2019-05-28,2019-09-28
네이버 시리즈,전직지존,151,10200,2023-09-16,2023-09-20
문피아,초인의 게임,97,9700,2018-10-10,2019-03-19
문피아,뽑기게임에서 살아남는 법,97,9700,2020-02-07,2020-04-11
네이버 시리즈,중세 판타지 속 망나니 경비조장,102,9600,2022-09-18,2022-09-21
네이버 시리즈,무당마검,3,9600,2024-02-08,2024-02-08
카카오페이지,미궁탐험 101,4,9600,2025-03-14,2025-03-15
네이버 시리즈,도시낭인 리로드,96,9400,2025-12-03,2025-12-13
문피아,나 혼자 한 클로즈베타,92,9200,2018-10-10,2019-02-24
문피아,천재의 게임방송,91,9000,2019-05-16,2019-08-17
카카오페이지,백작가의 망나니가 되었다,90,9000,2021-01-01,2021-01-04
카카오페이지,천잠비룡포,90,9000,2021-08-31,2021-09-02
네이버 시리즈,내 고향엔 무림인이 산다,95,8900,2025-12-17,2026-05-09
네이버 시리즈,이세계서 유부남된 썰,102,8800,2021-11-14,2021-11-25
문피아,시스템을 초기화하시겠습니까?,83,8300,2018-11-21,2019-03-11
네이버 시리즈,빌어먹을 환생,84,8100,2021-07-31,2023-09-10
문피아,강자생존,78,7800,2019-01-15,2019-02-22
네이버 시리즈,방랑기사로 살아가는 법,78,7600,2026-05-31,2026-06-01
네이버 시리즈,무당파 둔재의 엘프환생,79,7200,2025-07-09,2025-07-27
문피아,회귀했는데 힘이 그대로다,68,6800,2020-08-25,2020-09-29
문피아,무무 무적,65,6500,2021-06-11,2021-06-12
카카오페이지,게임 속 전사가 되었다,60,6000,2020-02-20,2020-09-29
문피아,게임 속 마법사로 살아가는 법,59,5900,2020-10-24,2021-05-21
카카오페이지,죽지 않는 엑스트라,14,5800,2020-01-31,2020-02-21
네이버 시리즈,시리도록 불꽃처럼,84,5700,2021-12-11,2021-12-12
카카오페이지,오버로드,52,5200,2023-03-12,2023-03-13
카카오페이지,사신,16,5000,2020-09-12,2020-09-15
문피아,자고나니 세상이 게임으로 바뀌었다!,50,5000,2018-03-04,2018-03-04
네이버 시리즈,변방의 외노자,50,5000,2023-01-09,2023-01-09
네이버 시리즈,공작가 네 쌍둥이는 모두 먼치킨,53,5000,2021-06-28,2021-06-30
네이버 시리즈,권속 생성으로 인류 제국 건설,54,4800,2022-07-03,2022-07-05
네이버 시리즈,걸그룹 소설 아닌데요?,48,4800,2022-06-24,2022-06-25
네이버 시리즈,2회차 기사가 살아가는 법,52,4600,2022-07-15,2022-07-17
네이버 시리즈,아포칼립스에 집을 숨김,73,4500,2023-08-17,2023-11-10
카카오페이지,레전드리 포인트,1,4500,2020-04-13,2020-04-13
문피아,강철을 먹는 플레이어,44,4400,2021-06-09,2021-06-10
카카오페이지,자명공자,44,4400,2021-08-18,2021-08-20
문피아,우주천마 3077,43,4300,2021-05-31,2021-05-31
문피아,레벨업 프로게이머,42,4200,2019-01-13,2019-01-13
네이버 시리즈,칼에 취한 밤을 걷다,47,4100,2021-07-07,2021-12-10
카카오페이지,불꽃의 기사,41,4100,2021-11-01,2021-11-02
카카오페이지,패왕의 별,39,3900,2021-02-14,2021-02-14
네이버 시리즈,심해의 마법사,53,3900,2025-09-21,2025-09-24
카카오페이지,던전에서 만남을 추구하면 안 되는 걸까,2,3800,2020-02-18,2020-02-18
카카오페이지,나 빼고 다 회귀자,37,3700,2022-06-03,2022-06-06
문피아,업어 키운 걸그룹,36,3600,2020-10-19,2020-10-21
카카오페이지,로그인 무림,33,3300,2021-05-07,2021-05-10
네이버 시리즈,별을 품은 소드마스터,37,3200,2021-11-21,2023-10-09
네이버 시리즈,현계지문,47,3000,2021-06-26,2021-07-19
카카오페이지,내 성장속도가 이상하다,29,2900,2021-02-09,2021-02-10
네이버 시리즈,환생좌,40,2800,2021-09-26,2021-09-26
카카오페이지,아포칼립스의 고인물,27,2700,2021-05-14,2021-05-15
카카오페이지,전왕전기,25,2500,2021-08-17,2021-08-17
카카오페이지,혼세록 : 남천제,1,2500,2021-01-27,2021-01-27
문피아,방랑기사로 살아가는 법,24,2400,2020-12-18,2020-12-18
카카오페이지,칼든 자들의 도시,23,2300,2022-08-06,2022-08-06
문피아,킬 더 히어로,23,2300,2018-08-24,2018-08-25
카카오페이지,이계의 후예,23,2300,2021-06-14,2021-06-14
네이버 시리즈,괴력 난신,28,2100,2022-01-12,2022-01-13
문피아,퍼펙트 센터,21,2100,2018-12-17,2018-12-21
문피아,나는 마법사다.,21,2100,2021-06-06,2021-06-06
네이버 시리즈,멸망 이후의 세계,24,2000,2022-02-10,2022-02-26
문피아,BJ대마도사,20,2000,2018-11-28,2018-12-05
문피아,로만의 검공,20,2000,2019-06-16,2019-06-19
카카오페이지,걸그룹 소설 아닌데요?,20,2000,2022-06-24,2022-06-24
문피아,양학하는 기갑 헌터,20,2000,2019-11-22,2019-12-19
네이버 시리즈,언페어,20,2000,2021-07-09,2021-07-09
문피아,절대자의 현대생활,20,1900,2020-01-23,2020-02-11
카카오페이지,열일하는 과금 기사,19,1900,2021-11-07,2021-11-07
카카오페이지,2레벨로 회귀한 무신,19,1900,2021-11-08,2021-11-08
네이버 시리즈,선협에서 하남자로 살아남기,89,1900,2026-04-12,2026-04-26
네이버 시리즈,반강제적 제국주의자,21,1900,2026-02-02,2026-02-02
문피아,100년 수련한 축구선수,19,1900,2018-11-24,2018-11-25
카카오페이지,질풍광룡,18,1800,2020-05-31,2020-06-02
카카오페이지,주인공의 여동생이다,18,1800,2019-10-17,2019-10-18
네이버 시리즈,짜장 한 그릇에 제갈세가 데릴사위,21,1700,2022-10-28,2022-10-30
카카오페이지,중간 보스의 소꿉친구가 되었다,17,1700,2021-12-04,2021-12-05
카카오페이지,검술명가 막내아들,16,1600,2021-03-19,2021-03-27
카카오페이지,체육고 영재로 회귀했다,16,1600,2021-09-25,2021-09-25
문피아,망겜 스트리머가 너무 강함,16,1600,2020-04-03,2020-04-17
네이버 시리즈,무당패왕,43,1600,2021-09-27,2021-10-01
네이버 시리즈,윤회무사,19,1500,2025-03-01,2025-03-02
카카오페이지,마누라가 회귀했다,15,1500,2020-05-23,2020-05-24
네이버 시리즈,늦깎이 천재 마법사,18,1400,2025-11-09,2025-11-09
네이버 시리즈,만렙 잡캐,14,1400,2021-11-12,2021-11-13
카카오페이지,마도괴협,14,1400,2022-07-11,2022-07-12
카카오페이지,검은 여우 독심호리,13,1300,2021-08-26,2021-08-26
문피아,검은머리 미군 대원수,13,1300,2020-11-20,2020-11-21
네이버 시리즈,암살 가문의 천재 어쌔신,27,1300,2022-05-30,2022-06-01
네이버 시리즈,중세의 방랑 마법사가 되었다,14,1200,2025-10-19,2025-10-20
문피아,알고보니 일대일 천재,11,1100,2019-07-17,2019-07-25
문피아,안 늙는 헌터가 너무 강함,11,1100,2020-10-29,2020-11-07
문피아,화산파 역대급 천재,15,1000,2021-06-14,2021-06-21
문피아,무당패왕,10,1000,2020-02-25,2020-02-25
문피아,망겜의 성기사,9,900,2018-12-30,2018-12-30
카카오페이지,레벨업하기 싫은 천마님,9,900,2021-01-24,2021-04-16
카카오페이지,환생표사,8,800,2019-10-18,2020-01-05
네이버 시리즈,약혼녀가 소천마였다,16,800,2025-12-06,2025-12-08
문피아,악당은 살고 싶다,8,800,2020-12-14,2020-12-21
카카오페이지,엑스트라가 너무 강함,8,800,2020-04-14,2020-07-05
카카오페이지,남궁쟁천기,7,700,2019-09-01,2019-09-18
문피아,즉사기 들고 게임 속으로,7,700,2021-11-02,2021-11-03
네이버 시리즈,마법사의 수기,10,700,2025-10-26,2025-10-27
문피아,한의사는 연금술을 씁니다,7,700,2021-05-25,2021-05-30
카카오페이지,철혈검가 사냥개의 회귀,6,600,2020-05-04,2020-05-04
네이버 시리즈,절대 회귀,8,600,2023-01-29,2023-01-30
네이버 시리즈,나 혼자 총알 무한,6,600,2022-04-03,2022-04-03
네이버 시리즈,북경의 신룡,6,600,2021-12-23,2021-12-23
네이버 시리즈,미친 빌런이 정신을 되찾음,10,600,2022-02-21,2022-02-22
네이버 시리즈,회귀수선전,10,600,2024-01-02,2024-01-02
카카오페이지,하라간,5,500,2026-05-22,2026-05-22
문피아,튜토리얼이 너무 어렵다,5,500,2018-07-23,2018-07-23
네이버 시리즈,마수 사냥꾼이 살아가는 법,25,500,2025-10-22,2025-10-24
카카오페이지,붉은 늑대,4,400,2019-11-08,2020-01-04
문피아,물불 안 가립니다,4,400,2020-11-10,2020-11-11
문피아,내 딸이 천마인데 나는 무림맹주,4,400,2019-05-28,2019-05-28
카카오페이지,종말 생존 게임,4,400,2020-08-21,2020-08-21
카카오페이지,이계 검왕 생존기,4,400,2020-02-22,2020-02-23
카카오페이지,얼어붙은 플레이어의 귀환,4,400,2021-08-15,2021-08-15
네이버 시리즈,홍등가의 소드마스터,10,400,2022-04-28,2022-05-02
네이버 시리즈,명문고 EX급 조연의 리플레이,22,300,2022-01-22,2022-01-23
네이버 시리즈,필드의 고인물,11,300,2022-04-12,2022-04-12
카카오페이지,당신의 머리 위에,3,300,2020-03-10,2020-03-11
카카오페이지,낭선기환담,3,300,2021-04-27,2021-04-27
네이버 시리즈,눈물을 마시는 새,3,300,2026-01-17,2026-01-18
카카오페이지,네크로맨서 학교의 소환천재,2,200,2020-09-30,2020-09-30
네이버 시리즈,신화시대의 괴물사냥꾼,38,200,2025-09-29,2025-10-04
네이버 시리즈,전지적 독자 시점,11,200,2021-07-13,2021-07-18
문피아,빙의한 악역이 너무 강함,2,200,2019-08-06,2019-08-06
네이버 시리즈,강철의 용병,1,100,2022-11-02,2022-11-02
카카오페이지,뽑기로 강해진 10성급 플레이어,1,100,2020-10-14,2020-10-14
카카오페이지,마법명가 막내아들,1,100,2019-10-20,2019-10-20
카카오페이지,게임 속 성기사로 살아가기,1,100,2021-04-18,2021-04-18
문피아,쥐뿔도 없는 회귀,1,100,2018-10-14,2018-10-14
문피아,천마는 조용히 살고싶다,1,100,2021-06-11,2021-06-11
문피아,탑신병자 프로게이머 되다.,10,100,2019-08-19,2019-09-29
문피아,회귀해서 게임한다,1,100,2018-11-04,2018-11-04
카카오페이지,회귀자도 못 깬 탑 등반합니다,1,100,2022-04-16,2022-04-16
네이버 시리즈,용사 파티의 마법사로 산다는 것,3,100,2023-11-04,2023-11-04
네이버 시리즈,칼든 자들의 도시,1,100,2022-08-05,2022-08-05
네이버 시리즈,천재 흑마법사,5,100,2021-10-22,2021-10-22
네이버 시리즈,게임 속 대현자가 되었다,8,100,2021-12-23,2021-12-23
네이버 시리즈,무한 레벨업 in 무림,7,100,2022-01-08,2022-01-08
네이버 시리즈,은둔형 마법사,1,100,2023-10-16,2023-10-16
네이버 시리즈,천재 흑마법사의 종말방송,5,100,2024-10-01,2024-10-01
카카오페이지,백룡선생,1,100,2022-08-14,2022-08-14
카카오페이지,이탄,1,100,2020-03-05,2020-03-05
네이버 시리즈,천재 플레이어의 귀환,4,0,2024-01-25,2024-01-25
네이버 시리즈,죄수부대 블랙 퍼레이드,12,0,2025-06-30,2025-06-30
네이버 시리즈,서울역 드루이드,2,0,2021-07-10,2021-07-10
네이버 시리즈,신의 마력을 가졌다,4,0,2023-12-07,2023-12-07
네이버 시리즈,괴물 천재선수들이 날 너무 좋아함,4,0,2024-02-28,2024-02-28
네이버 시리즈,귀검무영,6,0,2022-07-09,2022-07-09
네이버 시리즈,은퇴한 헌터의 아포칼립스,4,0,2024-04-08,2024-04-08
네이버 시리즈,일홀도,3,0,2022-02-12,2024-05-23
문피아,로또 1등도 출근합니다,5,0,2019-12-09,2019-12-09
문피아,전지적 관중 시점,5,0,2018-12-17,2018-12-17
문피아,이계 내가 가 봤는데 별거 없더라,1,0,2019-09-08,2019-09-08
카카오페이지,환생한 기갑기신 파일럿이 살아가는 법,10,0,2020-08-08,2020-08-12
